SR,InvID,ResID,PODetID,InvMonth,InvMonthHrs,InvClaimHrs,InvCertAmt,Remarks,Rate,TDeductAmt
,180609,7293,23084,1/10/2017,206,206,0,,17200,
,180610,7287,23078,1/10/2017,206,117,0,Annual Leave: 20 Sep 2017 to 2 Oct 17,8100,
,180611,7291,23082,1/10/2017,206,206,0,,8100,
,180612,7249,23038,1/10/2017,206,192,0,Sick Leave: 27 & 28 Sep 2017,6000,
,180613,7250,23039,1/10/2017,206,206,0,,6000,
,180614,7252,23041,1/10/2017,206,206,0,,6000,
,180615,7254,23043,1/10/2017,206,206,0,,6000,
,180616,7257,23046,1/10/2017,206,206,0,,6000,
,180617,7261,23049,1/10/2017,206,130,0,Annual Leave: 20 Sep 2017 to 30 Sep 17,6000,
,180618,7262,23050,1/10/2017,206,206,0,,6000,
,180619,7264,23052,1/10/2017,206,206,0,,6000,
,180620,7265,23053,1/10/2017,206,206,0,,6000,
,180621,7269,23058,1/10/2017,206,206,0,,7100,
,180622,7270,23059,1/10/2017,206,206,0,,7100,
,180623,7272,23061,1/10/2017,206,206,0,,7100,
,180624,7273,23062,1/10/2017,206,48,0,Annual Leave: 20 Sep 2017 to 12 Oct 17,7100,
,180625,7274,23063,1/10/2017,206,206,0,,7100,
,180626,7275,23064,1/10/2017,206,206,0,,7100,
,180627,7276,23065,1/10/2017,206,206,0,,7100,
,180628,7277,23066,1/10/2017,206,206,0,,7100,
,180629,7278,23067,1/10/2017,206,206,0,,7100,
,180630,7279,23068,1/10/2017,206,199,0,Sick Leave: 15 Oct 2017,7100,
,180631,7280,23069,1/10/2017,206,206,0,,7100,
,180632,7281,23070,1/10/2017,206,206,0,,7100,
,180633,7282,23071,1/10/2017,206,206,0,,7100,
,180634,7283,23072,1/10/2017,206,206,0,,7100,
,180635,7284,23075,1/10/2017,206,206,0,,8100,
,180636,7285,23076,1/10/2017,206,206,0,,8100,
,180637,7286,23077,1/10/2017,206,206,0,,8100,
,180638,7288,23079,1/10/2017,206,206,0,,8100,
,180639,7289,23080,1/10/2017,206,206,0,,8100,
,180640,7290,23081,1/10/2017,206,206,0,,8100,
,180641,7292,23083,1/10/2017,206,206,0,,8100,
,180642,7905,23073,1/10/2017,206,206,0,,6000,
,180643,7251,23040,1/10/2017,206,206,0,,6000,
,180644,7253,23042,1/10/2017,206,206,0,,6000,
,180645,7256,23045,1/10/2017,206,206,0,,6000,
,180646,7260,23048,1/10/2017,206,206,0,,6000,
,180647,7266,23054,1/10/2017,206,206,0,,6000,
,180648,7267,23055,1/10/2017,206,206,0,,6000,
,180649,7268,23056,1/10/2017,206,206,0,,6000,
,180650,7255,23044,1/10/2017,206,192,0,Sick Leave: 1 Oct 17 & 15 Oct 2017,6000,
,180651,7258,23047,1/10/2017,206,206,0,,6000,
,180652,7271,23060,1/10/2017,206,206,0,,7100,
,180653,7904,23057,1/10/2017,206,206,0,,6000,
,180654,7263,23051,1/10/2017,206,206,0,,6000,
,180655,8305,26962,1/10/2017,206,206,0,,14100,
,180656,8306,26963,1/10/2017,206,123,0,AL 08/10/17-19/10/17,17200,
,180657,8467,26964,1/10/2017,206,206,0,,17200,
,180658,8468,26965,1/10/2017,206,206,0,,17200,
,180659,8469,26966,1/10/2017,206,171,0,AL 15-19/10/17,17200,
,180660,8470,26967,1/10/2017,206,117,0,AL 01/10/17-11/10/17 + WE 13-14/10/17 ,17200,
,180661,8471,26968,1/10/2017,206,206,0,,17200,
,180662,8481,26969,1/10/2017,206,206,0,,17200,
,180663,8307,26970,1/10/2017,206,123,0,AL 08/10/17-19/10/17,20400,
,180664,8308,26971,1/10/2017,206,206,0,,20400,
,180665,8309,26972,1/10/2017,206,206,0,,25200,
,180666,161,26958,1/10/2017,206,206,0,,11800,
,180667,607,26956,1/10/2017,206,206,0,,11800,
,180668,2631,26957,1/10/2017,206,75,0,comp 30/09/17,11800,
,180669,3116,26959,1/10/2017,206,206,0,,11800,
,180670,3711,26955,1/10/2017,206,206,0,,11800,
,180671,6329,26953,1/10/2017,206,206,0,,11800,
,180672,6494,26961,1/10/2017,206,206,0,,11800,
,180673,8472,26960,1/10/2017,206,206,0,,11800,
,180674,6633,27155,1/10/2017,206,206,0,,17200,
,180675,9380,27153,1/10/2017,206,206,0,,17200,
,180676,9490,27154,1/10/2017,206,171,0,AL 15-19/10/17,17200,
,180677,1297,29744,1/10/2017,206,206,0,,7100,
,180678,6412,29748,1/10/2017,206,82,0,AL 20/09/17-04/10/17 + SL 12/10/17,8100,
,180679,6413,29750,1/10/2017,206,206,0,,8100,
,180680,6414,29751,1/10/2017,206,206,0,,8100,
,180681,6415,29752,1/10/2017,206,206,0,,8100,
,180682,6522,29749,1/10/2017,206,206,0,,8100,
,180683,6542,29745,1/10/2017,206,55,0,AL 28/09/17-19/10/17,7100,
,180684,6768,29746,1/10/2017,206,206,0,,8100,
,180685,7303,29747,1/10/2017,206,206,0,,8100,
,180686,6328,26952,1/10/2017,206,123,0,AL 08/10/17-19/10/17,11800,
,180687,3119,23525,1/10/2017,206,206,0,,9270,
,180688,3165,23520,1/10/2017,206,206,0,,9270,
,180689,3231,23517,1/10/2017,206,206,0,,11000,
,180690,3479,23521,1/10/2017,206,206,0,,9270,
,180691,3608,23519,1/10/2017,206,96,0,16 Day(s) AL 20-09-2017 to 05-10-2017,9270,
,180692,3636,23516,1/10/2017,206,206,0,,11330,
,180693,3810,23526,1/10/2017,206,206,0,,9270,
,180694,3938,23513,1/10/2017,206,206,0,,13000,
,180695,4008,23530,1/10/2017,206,165,0,6 Day(s) AL 20-09-2017 to 25-09-2017,9270,
,180696,4031,23515,1/10/2017,206,206,0,,12133,
,180697,4504,23529,1/10/2017,206,206,0,,9270,
,180698,3110,23487,1/10/2017,206,206,0,,8528,
,180699,3144,23456,1/10/2017,206,206,0,,7966,
,180700,3461,23522,1/10/2017,206,206,0,,7668,
,180701,3825,23457,1/10/2017,206,206,0,,7966,
,180702,3959,23458,1/10/2017,206,206,0,,7966,160
,180703,4012,23459,1/10/2017,206,206,0,,7966,
,180704,3534,23407,1/10/2017,206,0,0,30 Day(s) A 20-09-2017 to 19-10-2017,3011,
,180705,3538,23408,1/10/2017,206,206,0,,3011,
,180706,3649,23494,1/10/2017,206,123,0,12 Day(s) A 20-09-2017 to 01-10-2017,3011,
,180707,3834,23409,1/10/2017,206,206,0,,3011,
,180708,4363,23413,1/10/2017,206,206,0,,3011,
,180709,4375,23410,1/10/2017,206,206,0,,3011,
,180710,4469,23493,1/10/2017,206,206,0,,3011,
,180711,4477,23492,1/10/2017,206,206,0,,3011,
,180712,6820,23537,1/10/2017,206,206,0,,3011,
,180713,6822,23539,1/10/2017,206,206,0,,3011,
,180714,6823,23540,1/10/2017,206,206,0,,3011,
,180715,6824,23541,1/10/2017,206,199,0,1 Day(s) A 18-10-2017,3011,
,180716,6825,23542,1/10/2017,206,199,0,1 Day(s) SL 25-09-2017,3011,
,180717,6826,23543,1/10/2017,206,206,0,,3011,
,180718,6832,23545,1/10/2017,206,206,0,,3011,
,180719,6835,23547,1/10/2017,206,185,0,3 Day(s) EL 20-09-2017 to 22-09-2017,3011,
,180720,6836,23548,1/10/2017,206,158,0,7 Day(s) A 20-09-2017 to 26-09-2017,3011,
,180721,6838,23549,1/10/2017,206,206,0,,3011,
,180722,6839,23550,1/10/2017,206,206,0,,3011,
,180723,3093,23498,1/10/2017,206,206,0,,5877,160
,180724,3106,23511,1/10/2017,206,206,0,,5877,160
,180725,3146,23497,1/10/2017,206,206,0,,5877,160
,180726,3209,23504,1/10/2017,206,158,0,7 Day(s) SL 20-09-2017 to 26-09-2017,5877,160
,180727,3546,23510,1/10/2017,206,206,0,,5877,160
,180728,3562,23503,1/10/2017,206,206,0,,5877,160
,180729,3627,23484,1/10/2017,206,206,0,,6171,160
,180730,3658,23499,1/10/2017,206,75,0,19 Day(s) AL 20-09-2017 to 08-10-2017,5877,160
,180731,3759,23501,1/10/2017,206,206,0,,5877,160
,180732,3792,23467,1/10/2017,206,206,0,,7171,160
,180733,3803,23500,1/10/2017,206,206,0,,5877,160
,180734,3829,23505,1/10/2017,206,123,0,12 Day(s) AL 08-10-2017 to 19-10-2017,5877,160
,180735,3831,23506,1/10/2017,206,206,0,,5877,160
,180736,3842,23502,1/10/2017,206,206,0,,5877,160
,180737,3852,23507,1/10/2017,206,206,0,,5877,160
,180738,4001,23508,1/10/2017,206,206,0,,5877,160
,180739,4334,23495,1/10/2017,206,82,0,18 Day(s) AL 20-09-2017 to 07-10-2017,5877,160
,180740,4354,23496,1/10/2017,206,206,0,,5877,160
,180741,4555,23415,1/10/2017,206,206,0,,5877,160
,180742,4570,23485,1/10/2017,206,206,0,,6171,160
,180743,4585,23486,1/10/2017,206,206,0,,6171,160
,180744,258,23403,1/10/2017,206,206,0,,8160,
,180745,501,23399,1/10/2017,206,192,0,2 Day(s) SL 14-09-2017 to 15-09-2017,8160,
,180746,547,23405,1/10/2017,206,206,0,,8160,160
,180747,1772,23400,1/10/2017,206,206,0,,8160,160
,180748,3550,23488,1/10/2017,206,48,0,23 Day(s) AL 20-09-2017 to 12-10-2017,8160,
,180749,1379,23402,1/10/2017,206,206,0,,6897,160
,180750,1555,23404,1/10/2017,206,171,0,5 Day(s) AL 20-09-2017 to 24-09-2017,7966,160
,180751,1616,23401,1/10/2017,206,206,0,,7966,160
,180752,3118,23463,1/10/2017,206,206,0,,7171,160
,180753,3210,23437,1/10/2017,206,206,0,,5877,160
,180754,3232,23444,1/10/2017,206,206,0,,7966,160
,180755,3747,23423,1/10/2017,206,206,0,,7171,160
,180756,3769,23477,1/10/2017,206,206,0,,6171,160
,180757,3783,23462,1/10/2017,206,117,0,13 Day(s) AL 20-09-2017 to 02-10-2017,7100,160
,180758,3918,23509,1/10/2017,206,206,0,,5877,160
,180759,4342,23451,1/10/2017,206,192,0,2 Day(s) SL 09-10-2017 to 10-10-2017,7966,160
,180760,4579,23420,1/10/2017,206,206,0,,7966,160
,180761,3203,23434,1/10/2017,206,206,0,,9000,
,180762,3604,23512,1/10/2017,206,206,0,,12133,
,180763,3841,23435,1/10/2017,206,117,0,13 Day(s) AL 07-10-2017 to 19-10-2017,9000,
,180764,3911,23436,1/10/2017,206,199,0,1 Day(s) SL 26-09-2017,9000,
,180765,4037,23514,1/10/2017,206,103,0,15 Day(s) AL 05-10-2017 to 19-10-2017,12133,
,180766,6819,23536,1/10/2017,206,206,0,,3011,
,180767,3170,23464,1/10/2017,206,206,0,,7171,160
,180768,3197,23476,1/10/2017,206,206,0,,6171,160
,180769,3205,23443,1/10/2017,206,206,0,,7966,160
,180770,3473,23523,1/10/2017,206,206,0,,7668,
,180771,3481,23465,1/10/2017,206,206,0,,7171,160
,180772,3491,23441,1/10/2017,206,206,0,,6897,160
,180773,3516,23446,1/10/2017,206,206,0,,8594,160
,180774,3548,23460,1/10/2017,206,206,0,,7966,
,180775,3578,23421,1/10/2017,206,206,0,,8200,160
,180776,3592,23524,1/10/2017,206,206,0,,7668,
,180777,3596,23461,1/10/2017,206,206,0,,8083,160
,180778,3662,23447,1/10/2017,206,206,0,,7966,160
,180779,3667,23531,1/10/2017,206,206,0,,7668,
,180780,3684,23448,1/10/2017,206,206,0,,7966,160
,180781,3748,23449,1/10/2017,206,206,0,,7966,160
,180782,3756,23416,1/10/2017,206,206,0,,8594,160
,180783,3761,23430,1/10/2017,206,206,0,,6171,160
,180784,3774,23438,1/10/2017,206,206,0,,5877,160
,180785,3782,23431,1/10/2017,206,206,0,,6171,160
,180786,3787,23466,1/10/2017,206,206,0,,7171,160
,180787,3797,23478,1/10/2017,206,206,0,,6171,160
,180788,3799,23532,1/10/2017,206,130,0,11 Day(s) AL 20-09-2017 to 30-09-2017,7668,160
,180789,3823,23432,1/10/2017,206,110,0,LWD 05-10-2017,6171,160
,180790,3827,23533,1/10/2017,206,206,0,,7668,160
,180791,3828,23468,1/10/2017,206,206,0,,7171,160
,180792,3854,23414,1/10/2017,206,75,0,19 Day(s) AL 01-10-2017 to 19-10-2017,5877,160
,180793,3867,23469,1/10/2017,206,21,0,Total 27 Day(s); AL 20-09-2017 to 15-10-2017 & A 16-10-2017,7171,160
,180794,3872,23442,1/10/2017,206,206,0,,6897,160
,180795,3937,23433,1/10/2017,206,192,0,2 Day(s) SL 27-09-2017 to 28-09-2017,6171,160
,180796,4011,23480,1/10/2017,206,206,0,,6171,160
,180797,4016,23470,1/10/2017,206,206,0,,7171,160
,180798,4025,23439,1/10/2017,206,206,0,,5877,160
,180799,4379,23424,1/10/2017,206,206,0,,7171,160
,180800,4381,23471,1/10/2017,206,206,0,,7171,160
,180801,4389,23452,1/10/2017,206,206,0,,8594,160
,180802,4394,23425,1/10/2017,206,165,0,"Total 06 Days SL 11, 12, 15, 16, 18 & 19 Oct 2017",7171,160
,180803,4395,23481,1/10/2017,206,206,0,,6171,160
,180804,4401,23453,1/10/2017,206,144,0,Total 9 Day(s); EL 30-09-2017 to 07-10-2017 & A 10-10-2017,7966,160
,180805,4403,23422,1/10/2017,206,206,0,,8200,160
,180806,4404,23417,1/10/2017,206,103,0,Total 15 Day(s); AL 20-09-2017 to 02-10-2017 & SL 07-10-2017 to 08-10-2017,7966,160
,180807,4406,23426,1/10/2017,206,206,0,,7171,160
,180808,4424,23418,1/10/2017,206,206,0,,7966,160
,180809,4453,23454,1/10/2017,206,206,0,,7966,160
,180810,4478,23472,1/10/2017,206,206,0,,7171,160
,180811,4481,23475,1/10/2017,206,185,0,Total 3 Day(s); A  12-10-2017 & AL 18-10-2017 to 19-10-2017,8282,160
,180812,4501,23483,1/10/2017,206,151,0,8 Day(s) SL 20-09-2017 to 27-09-2017,6171,160
,180813,4502,23455,1/10/2017,206,206,0,,7966,160
,180814,4508,23428,1/10/2017,206,117,0,13 Day(s) AL 20-09-2017 to 02-10-2017,7171,160
,180815,4516,23429,1/10/2017,206,206,0,,7668,160
,180816,4532,23534,1/10/2017,206,206,0,,7668,160
,180817,4544,23482,1/10/2017,206,206,0,,6171,160
,180818,4558,23527,1/10/2017,206,206,0,,7668,160
,180819,4559,23419,1/10/2017,206,206,0,,8594,160
,180820,4586,23440,1/10/2017,206,206,0,,5877,160
,180821,2770,27460,1/10/2017,206,206,0,,9017,
,180822,2771,27461,1/10/2017,206,206,0,,9017,
,180823,1470,27459,1/10/2017,206,206,0,,7966,
,180824,4347,27815,1/10/2017,206,96,0,16 Day(s) AL 20-09-2017 to 05-10-2017,7668,
,180825,771,23556,1/10/2017,206,206,0,,8200,160
,180826,3081,23644,1/10/2017,206,206,0,,11500,
,180827,3185,23629,1/10/2017,206,206,0,,9500,
,180828,3653,23626,1/10/2017,206,206,0,,9500,
,180829,3826,23628,1/10/2017,206,206,0,,9500,
,180830,3947,23625,1/10/2017,206,199,0,01 day AL (on 23/09/2017),9500,
,180831,3970,23627,1/10/2017,206,206,0,,9500,
,180832,4435,23645,1/10/2017,206,206,0,,11500,
,180833,4441,23631,1/10/2017,206,206,0,,9500,
,180834,3497,23709,1/10/2017,206,206,0,,13000,
,180835,3706,23711,1/10/2017,206,206,0,,13000,
,180836,3873,23648,1/10/2017,206,199,0,01 day SL( on 08/10/2017),11900,
,180837,4542,23651,1/10/2017,206,206,0,,13000,
,180838,3222,23602,1/10/2017,206,206,0,,8200,
,180839,3992,23574,1/10/2017,206,206,0,,7150,
,180840,4370,23604,1/10/2017,206,96,0,15 days AL( from 20/09/2017 to 04/20/2017) & 01 day SL (on 10/10/2017),8200,
,180841,4552,23603,1/10/2017,206,117,0,13 days AL( from 20/09/2017 to 02/10/2017),8200,
,180842,3819,23615,1/10/2017,206,206,0,,8200,160
,180843,3824,23649,1/10/2017,206,206,0,,13000,
,180844,3794,23683,1/10/2017,206,206,0,,3600,
,180845,4416,23682,1/10/2017,206,206,0,,3600,
,180846,4454,23680,1/10/2017,206,206,0,,3600,
,180847,6840,23652,1/10/2017,206,75,0,Resigned- last working day 30/09/2017,3100,
,180848,6842,23654,1/10/2017,206,7,0,10 days EL( from 20/10/2017 to 29/10/2017) & Reisgned- last working day 30/09/2017,3100,
,180849,6846,23656,1/10/2017,206,75,0,Resigned- last working day 30/09/2017,3100,
,180850,6851,23659,1/10/2017,206,75,0,Resigned- last working day 30/09/2017,3100,
,180851,6852,23660,1/10/2017,206,75,0,Resigned- last working day 30/09/2017,3100,
,180852,6853,23661,1/10/2017,206,75,0,Resigned- last working day 30/09/2017,3100,
,180853,6861,23667,1/10/2017,206,206,0,,3100,
,180854,6862,23668,1/10/2017,206,206,0,,3100,
,180855,3104,23622,1/10/2017,206,206,0,,8200,160
,180856,3181,23697,1/10/2017,206,206,0,,6050,160
,180857,3520,23703,1/10/2017,206,206,0,,6050,160
,180858,3639,23701,1/10/2017,206,199,0,01 day Absent ( on 08/10/2017),6050,160
,180859,3678,23694,1/10/2017,206,206,0,,6050,160
,180860,3818,23696,1/10/2017,206,206,0,,6050,160
,180861,3886,23695,1/10/2017,206,206,0,,6050,160
,180862,3887,23692,1/10/2017,206,117,0,13 days AL( from 20/09/2017 to 02/10/2017),6050,160
,180863,3935,23688,1/10/2017,206,206,0,,6050,160
,180864,3948,23690,1/10/2017,206,206,0,,6050,160
,180865,4046,23699,1/10/2017,206,206,0,,6050,
,180866,4049,23702,1/10/2017,206,0,0,30 days AL( from 20/09/2017 to 19/10/2017),6050,160
,180867,4346,23698,1/10/2017,206,206,0,,6050,
,180868,4369,23689,1/10/2017,206,206,0,,6050,160
,180869,4388,23621,1/10/2017,206,206,0,,8200,160
,180870,4442,23687,1/10/2017,206,206,0,,6050,160
,180871,4514,23672,1/10/2017,206,206,0,,7150,160
,180872,4563,23671,1/10/2017,206,110,0,14 days AL(from 20/09/2017 to03/10/2017),7150,160
,180873,796,23551,1/10/2017,206,206,0,,9500,160
,180874,1783,23552,1/10/2017,206,206,0,,11500,160
,180875,3169,23637,1/10/2017,206,206,0,,9500,
,180876,4006,23632,1/10/2017,206,206,0,,9500,
,180877,1077,23553,1/10/2017,206,206,0,,11900,
,180878,1402,23555,1/10/2017,206,206,0,,8200,160
,180879,3545,23561,1/10/2017,206,206,0,,6050,160
,180880,4422,23704,1/10/2017,206,206,0,,7150,160
,180881,4506,23559,1/10/2017,206,178,0,04 days EL(from 07/10/2017 to 10/07/2017),6050,160
,180882,3556,23650,1/10/2017,206,206,0,,13975,
,180883,4397,23568,1/10/2017,206,206,0,,7150,
,180884,3122,23706,1/10/2017,206,206,0,,10213,
,180885,3166,23678,1/10/2017,206,206,0,,10213,
,180886,3186,23638,1/10/2017,206,206,0,,9500,
,180887,3218,23624,1/10/2017,206,206,0,,9500,
,180888,3445,23679,1/10/2017,206,206,0,,9500,
,180889,3512,23647,1/10/2017,206,206,0,,14000,
,180890,3551,23636,1/10/2017,206,117,0,13 days AL( from 07/10/2017 to 19/10/2017),9500,
,180891,3807,23642,1/10/2017,206,206,0,,9500,
,180892,3843,23640,1/10/2017,206,206,0,,9500,
,180893,3963,23633,1/10/2017,206,206,0,,9500,
,180894,4014,23634,1/10/2017,206,206,0,,9500,
,180895,4449,23639,1/10/2017,206,158,0,06 days AL(from 14/10/2017 to 19/10/2017) & 01 day  Absent ( on 20/09/2017),9500,
,180896,4463,23623,1/10/2017,206,206,0,,10213,
,180897,4499,23630,1/10/2017,206,206,0,,9500,
,180898,4588,23643,1/10/2017,206,206,0,,9500,
,180899,3224,23710,1/10/2017,206,206,0,,13000,
,180900,3132,23708,1/10/2017,206,206,0,,17400,
,180901,3555,23686,1/10/2017,206,171,0,05 days AL(from 20/09/2017 to 24/09/2017),3600,
,180902,3640,23684,1/10/2017,206,206,0,,3600,
,180903,3764,23685,1/10/2017,206,206,0,,3600,
,180904,4048,23681,1/10/2017,206,206,0,,3600,
,180905,3079,23593,1/10/2017,206,199,0,01 day Absent (28/09/2017),7150,160
,180906,3113,23589,1/10/2017,206,206,0,,7150,160
,180907,3117,23605,1/10/2017,206,206,0,,8200,
,180908,3147,23570,1/10/2017,206,199,0,01day SL( on 23/09/2017),7150,160
,180909,3151,23564,1/10/2017,206,206,0,,6050,160
,180910,3163,23575,1/10/2017,206,206,0,,7150,160
,180911,3168,23590,1/10/2017,206,206,0,,7150,160
,180912,3183,23609,1/10/2017,206,206,0,,8200,160
,180913,3194,23612,1/10/2017,206,199,0,01 day SL(on 16/10/2017),8200,160
,180914,3234,23611,1/10/2017,206,123,0,12 days AL(from 20/09/2017 to 01/10/2017),8200,160
,180915,3235,23586,1/10/2017,206,165,0,04 days AL( from 16/10/2017 to 19/10/2017) 01day SL(28/09/2017) & 01 day Absent (101/10/2017),7150,160
,180916,3468,23599,1/10/2017,206,206,0,,7150,160
,180917,3474,23614,1/10/2017,206,69,0,19 days AL(from 01/10/2017 to 19/10/2017) & 01 day  Absent ( on 27/09/2017),8200,160
,180918,3488,23597,1/10/2017,206,199,0,01 day SL(on 30/09/2017),7150,160
,180919,3496,23583,1/10/2017,206,206,0,,7150,160
,180920,3502,23596,1/10/2017,206,199,0,01 day SL( on 14/10/2017),7150,160
,180921,3564,23560,1/10/2017,206,206,0,,6050,160
,180922,3583,23592,1/10/2017,206,199,0,01 day Absent ( on 28/09/2017),7150,160
,180923,3586,23576,1/10/2017,206,206,0,,7150,160
,180924,3597,23577,1/10/2017,206,185,0,03 days Sick leave( from 20/09/2017 to 22/09/2017),7150,160
,180925,3609,23594,1/10/2017,206,21,0,27 days AL(from 23/09/2017 to 19/10/2017),7150,160
,180926,3625,23610,1/10/2017,206,206,0,,8774,160
,180927,3642,23558,1/10/2017,206,206,0,,6050,
,180928,3703,23587,1/10/2017,206,206,0,,7150,160
,180929,3705,23606,1/10/2017,206,206,0,,8200,160
,180930,3773,23693,1/10/2017,206,206,0,,6050,160
,180931,3780,23584,1/10/2017,206,117,0,13 days AL ( from 07/10/2017 to 19/10/2017),7150,160
,180932,3813,23616,1/10/2017,206,206,0,,8200,160
,180933,3814,23571,1/10/2017,206,206,0,,7150,160
,180934,3832,23620,1/10/2017,206,206,0,,8774,160
,180935,3836,23569,1/10/2017,206,206,0,,7150,160
,180936,3885,23565,1/10/2017,206,206,0,,6050,160
,180937,3890,23600,1/10/2017,206,206,0,,7150,160
,180938,3917,23582,1/10/2017,206,206,0,,7150,160
,180939,3921,23676,1/10/2017,206,199,0,01 day AL (on 20/09/2017),8200,160
,180940,3923,23675,1/10/2017,206,123,0,12 days AL( from 20/09/2017 to 01/10/2017),8200,160
,180941,3925,23595,1/10/2017,206,123,0,12 days AL(from 20/09/2017 to 01/10/2017),7150,160
,180942,3928,23557,1/10/2017,206,117,0,13 days AL( from 07/10/2017 to 19/10/2017),6050,
,180943,3984,23598,1/10/2017,206,206,0,,7150,160
,180944,3989,23581,1/10/2017,206,206,0,,7150,160
,180945,4009,23613,1/10/2017,206,206,0,,8200,160
,180946,4013,23567,1/10/2017,206,206,0,,6050,160
,180947,4054,23579,1/10/2017,206,206,0,,7150,160
,180948,4063,23572,1/10/2017,206,206,0,,7651,160
,180949,4359,23619,1/10/2017,206,206,0,,8200,160
,180950,4398,23585,1/10/2017,206,27,0,26 days AL(from 20/09/2017 to 15/10/2017),7150,160
,180951,4419,23607,1/10/2017,206,199,0,01 day SL( on 26/09/2017),8200,160
,180952,4420,23591,1/10/2017,206,206,0,,7150,160
,180953,4421,23588,1/10/2017,206,199,0,01 day SL(on 26/09/2017),7150,160
,180954,4423,23580,1/10/2017,206,206,0,,7150,160
,180955,4432,23608,1/10/2017,206,206,0,,8200,160
,180956,4503,23566,1/10/2017,206,206,0,,6050,
,180957,4517,23563,1/10/2017,206,117,0,13 days AL( from 07/10/2017 to 19/10/2017),6050,160
,180958,4534,23578,1/10/2017,206,206,0,,7150,160
,180959,4535,23601,1/10/2017,206,206,0,,7150,160
,180960,4580,23673,1/10/2017,206,206,0,,8200,160
,180961,6426,23705,1/10/2017,206,206,0,,7150,
,180962,3140,27817,1/10/2017,206,206,0,,7150,
,180963,3853,27816,1/10/2017,206,206,0,,7150,
,180964,2370,26387,1/10/2017,206,96,0,16 Days A/L  20.09.2017 to 05.10.2017,8000,
,180965,4734,26341,1/10/2017,206,206,0,,9900,
,180966,4758,26343,1/10/2017,206,199,0,01 Day A/L 20.09.2017,9100,
,180967,4759,26372,1/10/2017,206,206,0,,9100,
,180968,4761,26374,1/10/2017,206,206,0,,9900,
,180969,4903,26380,1/10/2017,206,206,0,,9100,
,180970,4904,26516,1/10/2017,206,206,0,,9900,
,180971,4905,26511,1/10/2017,206,206,0,,9783,
,180972,4907,26513,1/10/2017,206,206,0,,9100,
,180973,4908,26514,1/10/2017,206,192,0,02 Days S/L 04.10.2017 & 05.10.2017,9100,
,180974,4910,26510,1/10/2017,206,206,0,,9100,
,180975,756,26449,1/10/2017,206,206,0,,7000,160
,180976,4757,26371,1/10/2017,206,206,0,,8000,
,180977,4880,26490,1/10/2017,206,137,0,10 Days A/L 20.09.2017 to 29.09.2017,8000,
,180978,4889,26498,1/10/2017,206,206,0,,8000,
,180979,4897,26506,1/10/2017,206,206,0,,8000,
,180980,4901,26509,1/10/2017,206,206,0,,8000,
,180981,2368,26344,1/10/2017,206,206,0,,9100,
,180982,3072,26345,1/10/2017,206,206,0,,9100,
,180983,2892,26543,1/10/2017,206,199,0,01 Day A/L 19.10.2017 ,3100,
,180984,2906,26539,1/10/2017,206,206,0,,3100,
,180985,5016,26517,1/10/2017,206,206,0,,3100,
,180986,5018,26519,1/10/2017,206,117,0,13 Days A/L  20.09.2017 to 02.10.2017 ,3100,
,180987,5019,26520,1/10/2017,206,206,0,,3100,
,180988,5021,26522,1/10/2017,206,206,0,,3100,
,180989,5025,26526,1/10/2017,206,206,0,,3100,
,180990,5026,26527,1/10/2017,206,206,0,,3100,
,180991,5027,26528,1/10/2017,206,206,0,,3100,
,180992,5028,26529,1/10/2017,206,206,0,,3100,
,180993,5029,26530,1/10/2017,206,206,0,,3100,
,180994,5031,26532,1/10/2017,206,96,0,16 Days A/L  20.09.2017 to 05.10.2017 ,3100,
,180995,5033,26533,1/10/2017,206,206,0,,3100,
,180996,5036,26535,1/10/2017,206,206,0,,3100,
,180997,5037,26536,1/10/2017,206,206,0,,3100,
,180998,5038,26537,1/10/2017,206,206,0,,3100,
,180999,5039,26538,1/10/2017,206,206,0,,3100,
,181000,5047,26544,1/10/2017,206,206,0,,3100,
,181001,5048,26545,1/10/2017,206,206,0,,3100,
,181002,5049,26546,1/10/2017,206,206,0,,3100,
,181003,5051,26548,1/10/2017,206,158,0,07 Days S/L  20.09.2017 & 06 Days A/L 14.10.2017to 19.10.2017 ,3100,
,181004,5052,26549,1/10/2017,206,206,0,,3100,
,181005,5053,26550,1/10/2017,206,206,0,,3100,
,181006,5055,26552,1/10/2017,206,206,0,,3100,
,181007,5061,26557,1/10/2017,206,206,0,,3100,
,181008,5062,26558,1/10/2017,206,206,0,,3100,
,181009,5063,26559,1/10/2017,206,206,0,,3100,
,181010,5066,26562,1/10/2017,206,206,0,,3600,
,181011,5067,26563,1/10/2017,206,206,0,,3600,
,181012,5069,26564,1/10/2017,206,206,0,,3600,
,181013,7588,26576,1/10/2017,206,206,0,,3100,
,181014,7589,26575,1/10/2017,206,206,0,,3100,
,181015,7591,26573,1/10/2017,206,206,0,,3100,
,181016,7593,26571,1/10/2017,206,206,0,,3100,
,181017,7595,26569,1/10/2017,206,206,0,,3100,
,181018,7596,26568,1/10/2017,206,144,0,09 Days E/L  11.10.2017 to 19.10.2017 ,3100,
,181019,4736,26346,1/10/2017,206,206,0,,6050,160
,181020,4768,26400,1/10/2017,206,206,0,,6050,160
,181021,4771,26402,1/10/2017,206,117,0,13 Days A/L  07.10.2017 to 19.10.2017 ,6050,160
,181022,4772,26403,1/10/2017,206,206,0,,6050,160
,181023,4789,26415,1/10/2017,206,206,0,,6050,160
,181024,4797,26422,1/10/2017,206,206,0,,6050,160
,181025,4802,26425,1/10/2017,206,206,0,,6050,160
,181026,4803,26426,1/10/2017,206,206,0,,6050,160
,181027,4806,26428,1/10/2017,206,206,0,,6050,160
,181028,4875,26392,1/10/2017,206,206,0,,6050,160
,181029,4876,26486,1/10/2017,206,117,0,13 Days E/L 07.10.2017 to  19.10.2017,8000,
,181030,746,26382,1/10/2017,206,117,0,13 Days A/L 07.10.2017 to 19.10.2017,9100,
,181031,749,26360,1/10/2017,206,192,0,02 Days A 20.09.2017 &  24.09.2017,9100,
,181032,750,26348,1/10/2017,206,206,0,,10900,160
,181033,751,26352,1/10/2017,206,206,0,,10900,160
,181034,752,26355,1/10/2017,206,110,0,14 Days 01 Day M/L 30.09.2017 and E/L 07.10.2017 to 19.10.2017,10900,
,181035,753,26359,1/10/2017,206,206,0,,10900,
,181036,2531,26386,1/10/2017,206,27,0,26 Days A/L  24.09.2017 to  19.10.2017,9100,
,181037,4485,26340,1/10/2017,206,206,0,,9100,
,181038,734,26358,1/10/2017,206,206,0,,7000,160
,181039,739,26349,1/10/2017,206,144,0,09 Days A/L  20.09.2017 to 28.09.2017,8000,160
,181040,740,26350,1/10/2017,206,206,0,,8000,160
,181041,741,26351,1/10/2017,206,206,0,,8000,160
,181042,742,26353,1/10/2017,206,117,0,13 Days A/L  07.10.2017 to 19.10.2017,8000,160
,181043,743,26354,1/10/2017,206,165,0,06 Days A/L  14.10.2017 to 19.10.2017,8000,
,181044,745,26356,1/10/2017,206,206,0,,8000,160
,181045,2994,26383,1/10/2017,206,206,0,,7000,160
,181046,2995,26385,1/10/2017,206,206,0,,8000,160
,181047,4364,26384,1/10/2017,206,206,0,,7000,160
,181048,4738,26390,1/10/2017,206,206,0,,8000,160
,181049,4739,26362,1/10/2017,206,199,0,01 Day A 12.10.2017 ,7000,160
,181050,4784,26411,1/10/2017,206,206,0,,6050,160
,181051,4795,26420,1/10/2017,206,206,0,,6050,160
,181052,4823,26442,1/10/2017,206,206,0,,7000,160
,181053,4836,26453,1/10/2017,206,206,0,,7000,160
,181054,4839,26456,1/10/2017,206,206,0,,7000,160
,181055,4854,26469,1/10/2017,206,206,0,,7000,160
,181056,4867,26480,1/10/2017,206,199,0,01 Day M/L 28.09.2017,7000,160
,181057,4741,26391,1/10/2017,206,206,0,,6050,
,181058,4742,26363,1/10/2017,206,206,0,,6050,
,181059,4773,26404,1/10/2017,206,144,0,09 Days A/L  20.09.2017 to 28.09.2017 ,6050,
,181060,4782,26410,1/10/2017,206,206,0,,6050,160
,181061,4733,26389,1/10/2017,206,206,0,,9100,
,181062,4906,26512,1/10/2017,206,206,0,,9100,
,181063,4735,26342,1/10/2017,206,206,0,,12900,
,181064,5017,26518,1/10/2017,206,206,0,,3100,
,181065,5022,26523,1/10/2017,206,206,0,,3100,
,181066,5023,26524,1/10/2017,206,206,0,,3100,
,181067,5024,26525,1/10/2017,206,206,0,,3100,
,181068,5030,26531,1/10/2017,206,206,0,,3100,
,181069,5035,26534,1/10/2017,206,206,0,,3100,
,181070,5041,26540,1/10/2017,206,206,0,,3100,
,181071,5042,26541,1/10/2017,206,206,0,,3100,
,181072,5043,26542,1/10/2017,206,206,0,,3100,
,181073,5050,26547,1/10/2017,206,206,0,,3100,
,181074,5054,26551,1/10/2017,206,206,0,,3100,
,181075,5056,26553,1/10/2017,206,206,0,,3100,
,181076,5059,26555,1/10/2017,206,206,0,,3100,
,181077,5060,26556,1/10/2017,206,206,0,,3100,
,181078,5064,26560,1/10/2017,206,206,0,,3100,
,181079,5065,26561,1/10/2017,206,206,0,,3600,
,181080,5070,26565,1/10/2017,206,144,0,09 Days A/L  20.09.2017 to 28.09.2017 ,3600,
,181081,5071,26566,1/10/2017,206,206,0,,3600,
,181082,7590,26574,1/10/2017,206,206,0,,3100,
,181083,7592,26572,1/10/2017,206,206,0,,3100,
,181084,7597,26567,1/10/2017,206,206,0,,3100,
,181085,755,26381,1/10/2017,206,206,0,,7000,160
,181086,2539,26407,1/10/2017,206,206,0,,6050,160
,181087,4737,26347,1/10/2017,206,192,0,02 Days S/L  18.10.2017& 19.10.2017 ,7000,160
,181088,4740,26361,1/10/2017,206,27,0,26 Days A/L 20.09.2017 to  15.10.2017,7000,160
,181089,4744,26393,1/10/2017,206,206,0,,7000,160
,181090,4745,26394,1/10/2017,206,48,0,23 Days A/L 20.09.2017 to 12.10.2017,7000,160
,181091,4747,26365,1/10/2017,206,206,0,,7000,160
,181092,4748,26366,1/10/2017,206,206,0,,7000,160
,181093,4751,26367,1/10/2017,206,206,0,,7490,160
,181094,4753,26368,1/10/2017,206,206,0,,8000,160
,181095,4754,26369,1/10/2017,206,206,0,,8000,160
,181096,4755,26370,1/10/2017,206,206,0,,8000,160
,181097,4756,26395,1/10/2017,206,206,0,,8000,160
,181098,4763,26397,1/10/2017,206,171,0,05 Days A  20.09.2017 to 24.09.2017 ,6050,160
,181099,4766,26398,1/10/2017,206,199,0,01 Day S/L  20.09.2017,6050,160
,181100,4767,26399,1/10/2017,206,206,0,,6050,
,181101,4769,26401,1/10/2017,206,75,0,19 Days A/L  01.10.2017 to 19.10.2017 ,6050,160
,181102,4774,26405,1/10/2017,206,206,0,,6050,160
,181103,4776,26375,1/10/2017,206,206,0,,6050,160
,181104,4777,26406,1/10/2017,206,206,0,,6050,
,181105,4780,26408,1/10/2017,206,206,0,,6050,160
,181106,4781,26409,1/10/2017,206,171,0,05 Day A  15.10.2017  to 19.10.2017 LWD 14.10.2017,6050,160
,181107,4790,26416,1/10/2017,206,206,0,,6050,160
,181108,4794,26419,1/10/2017,206,206,0,,6050,160
,181109,4796,26421,1/10/2017,206,206,0,,6050,160
,181110,4798,26423,1/10/2017,206,206,0,,6050,160
,181111,4801,26424,1/10/2017,206,206,0,,6050,160
,181112,4805,26427,1/10/2017,206,206,0,,6050,160
,181113,4807,26429,1/10/2017,206,206,0,,6050,160
,181114,4808,26430,1/10/2017,206,199,0,01 Day S/L  14.10.2017,6050,160
,181115,4810,26432,1/10/2017,206,62,0,21 Days A/L 20.10.2017 to 10.10.2017,6050,
,181116,4811,26376,1/10/2017,206,206,0,,7000,160
,181117,4812,26433,1/10/2017,206,206,0,,7000,160
,181118,4813,26434,1/10/2017,206,117,0,13 Days A/L 07.10.2017 to 19.10.2017 ,7000,160
,181119,4814,26435,1/10/2017,206,206,0,,7000,160
,181120,4815,26377,1/10/2017,206,206,0,,7490,160
,181121,4816,26436,1/10/2017,206,206,0,,7000,160
,181122,4818,26437,1/10/2017,206,171,0,05 Days A/L 20.09.2017 to 24.09.2017,7000,160
,181123,4819,26438,1/10/2017,206,69,0,20 Days A/L 30.09.2017 to 19.10.2017,7000,160
,181124,4820,26439,1/10/2017,206,206,0,,7000,160
,181125,4821,26440,1/10/2017,206,206,0,,7000,160
,181126,4822,26441,1/10/2017,206,21,0,27 Days 26 Days A/L 20.09.2017 to 15.10.2017 & A 16.10.2017,7000,160
,181127,4824,26443,1/10/2017,206,206,0,,7000,160
,181128,4825,26444,1/10/2017,206,206,0,,7000,160
,181129,4827,26445,1/10/2017,206,206,0,,7000,160
,181130,4828,26446,1/10/2017,206,206,0,,7000,160
,181131,4830,26447,1/10/2017,206,130,0,11 Days A/L 20.09.2017 to 30.09.2017,7000,160
,181132,4831,26448,1/10/2017,206,206,0,,7000,160
,181133,4833,26450,1/10/2017,206,206,0,,7000,160
,181134,4834,26451,1/10/2017,206,206,0,,7000,160
,181135,4835,26452,1/10/2017,206,199,0,01 Day A 05.10.2017,7000,160
,181136,4838,26455,1/10/2017,206,206,0,,7000,160
,181137,4840,26457,1/10/2017,206,192,0,02 Days S/L 17.10.2017 & 18.10.2017 ,7490,160
,181138,4841,26458,1/10/2017,206,206,0,,7000,160
,181139,4842,26459,1/10/2017,206,144,0,09 Days A/L 20.09.2017 to 28.09.2017 ,7000,160
,181140,4843,26460,1/10/2017,206,206,0,,7000,160
,181141,4844,26461,1/10/2017,206,165,0,06 Days A/L 14.10.2017 to 19.10.2017,7000,160
,181142,4845,26462,1/10/2017,206,206,0,,7000,160
,181143,4846,26463,1/10/2017,206,206,0,,7000,160
,181144,4847,26464,1/10/2017,206,206,0,,7000,160
,181145,4849,26466,1/10/2017,206,206,0,,7000,160
,181146,4852,26467,1/10/2017,206,206,0,,7000,160
,181147,4853,26468,1/10/2017,206,206,0,,7000,160
,181148,4855,26470,1/10/2017,206,199,0,01 Day S/L 27.09.2017 ,7000,160
,181149,4856,26471,1/10/2017,206,206,0,,7000,160
,181150,4857,26472,1/10/2017,206,206,0,,7000,160
,181151,4858,26473,1/10/2017,206,206,0,,7000,160
,181152,4860,26474,1/10/2017,206,206,0,,7000,160
,181153,4861,26475,1/10/2017,206,206,0,,7000,160
,181154,4862,26476,1/10/2017,206,206,0,,7000,160
,181155,4863,26477,1/10/2017,206,206,0,,7000,160
,181156,4864,26478,1/10/2017,206,206,0,,7000,160
,181157,4865,26479,1/10/2017,206,199,0,01 Day S/L 10.10.2017,7000,160
,181158,4868,26481,1/10/2017,206,206,0,,7000,
,181159,4872,26482,1/10/2017,206,178,0,04 Days E/L 12.10.2017 to 15.10.2017,7000,160
,181160,4873,26483,1/10/2017,206,206,0,,7000,160
,181161,4874,26484,1/10/2017,206,206,0,,7000,160
,181162,4877,26487,1/10/2017,206,151,0,08 Days A/L 20.09.2017 to 26.09.2017 & A 27.09.2017,8000,160
,181163,4878,26488,1/10/2017,206,192,0,02 Days A/L 18.10.2017 & 19.10.2017,8000,160
,181164,4879,26489,1/10/2017,206,171,0,05 Days A/L 20.09.2017 to 24.09.2017,8000,160
,181165,4881,26491,1/10/2017,206,206,0,,8000,
,181166,4882,26492,1/10/2017,206,206,0,,8000,160
,181167,4883,26493,1/10/2017,206,206,0,,8000,160
,181168,4885,26494,1/10/2017,206,171,0,05 Days A/L 20.09.2017 to 24.09.2017,8000,160
,181169,4886,26495,1/10/2017,206,206,0,,8000,160
,181170,4887,26496,1/10/2017,206,130,0,11 Days A/L 20.09.2017 to 30.09.2017,8560,160
,181171,4888,26497,1/10/2017,206,117,0,13 Days A/L 07.10.2017 to 19.10.2017,8000,160
,181172,4890,26499,1/10/2017,206,206,0,,8000,160
,181173,4892,26501,1/10/2017,206,192,0,02 Days A/L 20.09.2017 & 21.09.2017,8000,160
,181174,4893,26502,1/10/2017,206,206,0,,8560,160
,181175,4894,26503,1/10/2017,206,69,0,20 Days A/L 30.09.2017 to  19.10.2017,8000,160
,181176,4895,26505,1/10/2017,206,206,0,,8000,
,181177,4896,26485,1/10/2017,206,199,0,01 Day A 08.10.2017,7000,160
,181178,4898,26507,1/10/2017,206,206,0,,8000,160
,181179,4899,26378,1/10/2017,206,199,0,01 Day S/L 17.10.2017 ,8000,160
,181180,4900,26508,1/10/2017,206,206,0,,8560,
,181181,4902,26379,1/10/2017,206,199,0,01 Day S/L 07.10.2017 ,8000,160
,181182,4788,29350,1/10/2017,206,206,0,,6050,
,181183,4804,29351,1/10/2017,206,206,0,,6050,
,181184,1124,23214,1/10/2017,206,206,0,,10900,
,181185,1154,23217,1/10/2017,206,199,0,01 day CSL 12/10,10900,
,181186,1184,23219,1/10/2017,206,206,0,,10900,
,181187,1199,23220,1/10/2017,206,206,0,,12535,
,181188,1360,23240,1/10/2017,206,206,0,,12535,
,181189,1362,23235,1/10/2017,206,206,0,,10900,
,181190,1582,23239,1/10/2017,206,206,0,,12535,
,181191,1605,23225,1/10/2017,206,206,0,,10900,
,181192,1638,23226,1/10/2017,206,206,0,,12535,
,181193,1648,23227,1/10/2017,206,206,0,,10900,
,181194,1801,23236,1/10/2017,206,206,0,,10900,
,181195,1845,23228,1/10/2017,206,206,0,,10900,
,181196,1898,23229,1/10/2017,206,206,0,,12535,
,181197,2187,23234,1/10/2017,206,110,0,14 days CSL 06 to 19/10,10900,
,181198,2192,23202,1/10/2017,206,103,0,15 days AL 30/09 to 14/10,12535,
,181199,2232,23204,1/10/2017,206,206,0,,12535,
,181200,2269,23203,1/10/2017,206,48,0,23 days AL 27/09 to 19/10,10900,
,181201,2117,23288,1/10/2017,206,0,0,30 days on an EL 20/09 to 19/10,8150,
,181202,309,23266,1/10/2017,206,206,0,,10900,
,181203,1896,23275,1/10/2017,206,206,0,,12535,
,181204,2800,23268,1/10/2017,206,206,0,,10900,
,181205,2802,23271,1/10/2017,206,206,0,,10900,
,181206,2803,23273,1/10/2017,206,206,0,,12535,
,181207,2805,23277,1/10/2017,206,206,0,,14170,
,181208,4044,23272,1/10/2017,206,137,0,10 days AL 20 to 29/09,10900,
,181209,4657,23276,1/10/2017,206,199,0,01 day CSL 02/10,14170,
,181210,6430,23267,1/10/2017,206,206,0,,10900,
,181211,6443,23269,1/10/2017,206,206,0,,10900,
,181212,196,23364,1/10/2017,206,199,0,01 day AL 16/10,9600,
,181213,197,23366,1/10/2017,206,206,0,,12480,
,181214,208,23346,1/10/2017,206,192,0,02 days CSL 01 & 02/10,9600,
,181215,1119,23354,1/10/2017,206,206,0,,11040,
,181216,1282,23385,1/10/2017,206,206,0,,9600,
,181217,1299,23393,1/10/2017,206,206,0,,11040,
,181218,1301,23386,1/10/2017,206,192,0,02 days CSL 17 & 18/10,9600,
,181219,1579,23365,1/10/2017,206,206,0,,11040,
,181220,1603,23377,1/10/2017,206,206,0,,12480,
,181221,1654,23387,1/10/2017,206,206,0,,11040,
,181222,1708,23373,1/10/2017,206,206,0,,9600,
,181223,1833,23351,1/10/2017,206,206,0,,9600,
,181224,2190,23347,1/10/2017,206,206,0,,9600,
,181225,2349,23353,1/10/2017,206,178,0,"01 day Absent 25/09 and 03 days SL 04,05 & 10/10",9600,
,181226,4343,23394,1/10/2017,206,206,0,,11040,
,181227,4639,23392,1/10/2017,206,206,0,,9600,
,181228,15,23370,1/10/2017,206,206,0,,10900,
,181229,488,23355,1/10/2017,206,110,0,14 days AL 20/09 to 03/10,10900,
,181230,1087,23361,1/10/2017,206,199,0,01 day AL 05/10,12535,
,181231,1237,23388,1/10/2017,206,206,0,,10900,
,181232,1288,23348,1/10/2017,206,123,0,12 days AL 08 to 19/10,10900,
,181233,1406,23390,1/10/2017,206,206,0,,10900,
,181234,2185,23389,1/10/2017,206,206,0,,10900,
,181235,135,23244,1/10/2017,206,206,0,,12480,
,181236,142,23233,1/10/2017,206,144,0,09 days SL 11 to 19/10,12480,
,181237,212,23237,1/10/2017,206,206,0,,12480,
,181238,222,23232,1/10/2017,206,165,0,06 days AL 20 to 25/09,11040,
,181239,266,23224,1/10/2017,206,206,0,,11040,
,181240,338,23205,1/10/2017,206,206,0,,9600,
,181241,371,23206,1/10/2017,206,206,0,,9600,
,181242,481,23243,1/10/2017,206,206,0,,12480,
,181243,1105,23211,1/10/2017,206,206,0,,11040,
,181244,1112,23213,1/10/2017,206,206,0,,9600,
,181245,1136,23231,1/10/2017,206,206,0,,11040,
,181246,1146,23215,1/10/2017,206,158,0,07 days AL 20 to 26/09,9600,
,181247,1166,23218,1/10/2017,206,137,0,10 days AL 10 to 19/10,9600,
,181248,1227,23222,1/10/2017,206,206,0,,11040,
,181249,1322,23230,1/10/2017,206,185,0,03 days AL 20 to 22/09,12480,
,181250,1875,23209,1/10/2017,206,206,0,,9600,
,181251,2189,23223,1/10/2017,206,206,0,,11040,
,181252,3730,23221,1/10/2017,206,206,0,,9600,
,181253,3833,23242,1/10/2017,206,21,0,27 days AL 23/09 to 19/10,11040,
,181254,564,23207,1/10/2017,206,206,0,,10900,
,181255,579,23208,1/10/2017,206,185,0,"03 days AL 20/09 , 08 & 09/10",10900,
,181256,1038,23210,1/10/2017,206,206,0,,10900,
,181257,1110,23212,1/10/2017,206,206,0,,10900,
,181258,2238,23391,1/10/2017,206,206,0,,10900,
,181259,2275,23357,1/10/2017,206,192,0,02 days CSL 05 & 07/10,10900,
,181260,214,23350,1/10/2017,206,192,0,02 days CSL 27 & 28/09,6100,
,181261,286,23363,1/10/2017,206,206,0,,6100,
,181262,334,23383,1/10/2017,206,192,0,"02 days SL 04, 18/10",6100,
,181263,480,23349,1/10/2017,206,206,0,,7150,
,181264,629,23368,1/10/2017,206,206,0,,7150,
,181265,817,23379,1/10/2017,206,206,0,,6100,
,181266,1138,23362,1/10/2017,206,206,0,,6100,
,181267,1267,23375,1/10/2017,206,206,0,,6100,
,181268,1311,23381,1/10/2017,206,206,0,,6100,
,181269,1375,23378,1/10/2017,206,206,0,,6100,
,181270,1417,23360,1/10/2017,206,151,0,08 days AL 20 to 27/09,6100,
,181271,1635,23384,1/10/2017,206,206,0,,6100,
,181272,1640,23359,1/10/2017,206,206,0,,6100,
,181273,1662,23356,1/10/2017,206,206,0,,6100,
,181274,1787,23358,1/10/2017,206,199,0,01 day CSL 15/10,6100,
,181275,1790,23371,1/10/2017,206,206,0,,6100,
,181276,1802,23376,1/10/2017,206,206,0,,6100,
,181277,1993,23382,1/10/2017,206,206,0,,6100,
,181278,2074,23372,1/10/2017,206,206,0,,6100,
,181279,2179,23380,1/10/2017,206,206,0,,6100,
,181280,2198,23352,1/10/2017,206,199,0,01 day Absent 07/10,6100,
,181281,2222,23367,1/10/2017,206,206,0,,7150,
,181282,1983,23308,1/10/2017,206,117,0,13 days AL 07 to 19/10,9600,
,181283,1114,23241,1/10/2017,206,206,0,,12535,
,181284,1544,23336,1/10/2017,206,206,0,,14170,
,181285,2291,23337,1/10/2017,206,206,0,,14170,
,181286,4721,23340,1/10/2017,206,206,0,,14170,
,181287,2797,23341,1/10/2017,206,192,0,02 days AL 24/09 & 12/10,29000,
,181288,566,23335,1/10/2017,206,206,0,,24500,
,181289,4724,23338,1/10/2017,206,206,0,,19500,
,181290,1391,23330,1/10/2017,206,206,0,,14170,
,181291,1392,23331,1/10/2017,206,206,0,,14170,
,181292,2091,23325,1/10/2017,206,192,0,01 day AL 20/09 & 01 day SL 05/10,14170,
,181293,2094,23323,1/10/2017,206,199,0,01 day AL 1/10,19500,
,181294,2096,23324,1/10/2017,206,206,0,,24500,
,181295,2097,23327,1/10/2017,206,206,0,,24500,
,181296,2099,23329,1/10/2017,206,206,0,,24500,
,181297,19,23315,1/10/2017,206,206,0,,8150,
,181298,137,23320,1/10/2017,206,206,0,,7150,
,181299,710,23318,1/10/2017,206,206,0,,7150,
,181300,778,23322,1/10/2017,206,192,0,02 days CSL 30 & 01/10,7150,
,181301,857,23312,1/10/2017,206,7,0,29 days AL 20/09 to 18/10,6100,
,181302,1280,23309,1/10/2017,206,206,0,,6100,
,181303,1290,23311,1/10/2017,206,206,0,,6100,
,181304,1545,23317,1/10/2017,206,206,0,,6100,
,181305,1836,23321,1/10/2017,206,206,0,,7150,
,181306,1849,23313,1/10/2017,206,206,0,,6100,
,181307,2282,23310,1/10/2017,206,206,0,,6100,
,181308,6541,23326,1/10/2017,206,206,0,,14170,
,181309,1551,23279,1/10/2017,206,48,0,23 days AL 27/09 to 19/10,11040,
,181310,20,23280,1/10/2017,206,206,0,,12535,
,181311,1407,23286,1/10/2017,206,199,0,01 day CSL 19/10,12535,
,181312,2029,23284,1/10/2017,206,206,0,,12535,
,181313,2242,23278,1/10/2017,206,192,0,02 days CSL 08 & 09/10,12535,
,181314,4474,23283,1/10/2017,206,206,0,,12535,
,181315,2243,23287,1/10/2017,206,206,0,,24500,
,181316,1118,23314,1/10/2017,206,82,0,18 days AL 20/09 to 07/10,8150,
,181317,6703,23316,1/10/2017,206,206,0,,8150,
,181318,2221,23397,1/10/2017,206,137,0,10 days AL 20 to 29/09,8150,
,181319,2101,23296,1/10/2017,206,206,0,,8150,
,181320,2102,23291,1/10/2017,206,206,0,,7150,
,181321,2103,23290,1/10/2017,206,206,0,,7150,
,181322,2104,23303,1/10/2017,206,206,0,,7150,
,181323,2105,23289,1/10/2017,206,206,0,,7150,
,181324,2106,23294,1/10/2017,206,206,0,,7150,
,181325,2111,23292,1/10/2017,206,206,0,,8150,
,181326,2112,23297,1/10/2017,206,206,0,,8150,
,181327,2113,23295,1/10/2017,206,89,0,17 days AL 20/09 to 06/10,8150,
,181328,2115,23302,1/10/2017,206,206,0,,8150,
,181329,2116,23293,1/10/2017,206,206,0,,8150,
,181330,2118,23305,1/10/2017,206,206,0,,8150,
,181331,2119,23306,1/10/2017,206,206,0,,8150,
,181332,2121,23298,1/10/2017,206,206,0,,8150,
,181333,2992,23304,1/10/2017,206,206,0,,8150,
,181334,311,23254,1/10/2017,206,137,0,10 days AL 01 to 10/10,11040,
,181335,312,23251,1/10/2017,206,206,0,,11040,
,181336,313,23249,1/10/2017,206,206,0,,11040,
,181337,314,23260,1/10/2017,206,199,0,01 day SL 24/09,11040,
,181338,315,23245,1/10/2017,206,206,0,,11040,
,181339,2161,23253,1/10/2017,206,206,0,,9600,
,181340,2164,23250,1/10/2017,206,144,0,09 days AL 09 to 17/10,9600,
,181341,2165,23263,1/10/2017,206,206,0,,9600,
,181342,2166,23261,1/10/2017,206,206,0,,9600,
,181343,2168,23248,1/10/2017,206,192,0,02 days CSL  01 & 02/10,9600,
,181344,2169,23262,1/10/2017,206,206,0,,9600,
,181345,2170,23247,1/10/2017,206,206,0,,9600,
,181346,2171,23255,1/10/2017,206,206,0,,9600,
,181347,6526,23258,1/10/2017,206,206,0,,9600,
,181348,318,23256,1/10/2017,206,151,0,08 days AL 20 to 27/09,12535,
,181349,6814,23252,1/10/2017,206,206,0,,12535,
,181350,7480,23259,1/10/2017,206,144,0,09 days AL 22/09 to 30/09,8150,
,181351,1147,23216,1/10/2017,206,206,0,,10900,
,181352,1116,23344,1/10/2017,206,199,0,01 day CSL 10/10,27000,
,181353,1843,23395,1/10/2017,206,206,0,,6100,
,181354,555,23238,1/10/2017,206,199,0,01 day CSL 26/09,12535,
,181355,563,23285,1/10/2017,206,206,0,,12535,
,181356,568,23333,1/10/2017,206,206,0,,8721,
,181357,1765,23398,1/10/2017,206,206,0,,8150,
,181358,1852,23396,1/10/2017,206,75,0,19 days AL 01 to 19/10,8150,
,181359,2120,23307,1/10/2017,206,206,0,,8150,
,181360,2804,23274,1/10/2017,206,206,0,,12535,
,181361,8119,23342,1/10/2017,206,192,0,02 days AL 24 & 25/09,12535,
,181362,8159,23343,1/10/2017,206,206,0,,14170,
,181363,1214,26974,1/10/2017,206,199,0,01 day CSL 05/10,21500,
,181364,1583,26975,1/10/2017,206,206,0,,19500,
,181365,1162,26973,1/10/2017,206,199,0,01 day AL 20/09,12535,
,181366,1405,26976,1/10/2017,206,158,0,07 days AL 08 to 14/10,12535,
,181367,2565,27156,1/10/2017,206,178,0,04 days AL 20 to 23/09,11040,
,181368,138,27172,1/10/2017,206,206,0,,9600,
,181369,179,27171,1/10/2017,206,206,0,,9600,
,181370,192,27162,1/10/2017,206,206,0,,9600,
,181371,235,27196,1/10/2017,206,206,0,,9600,
,181372,244,27195,1/10/2017,206,206,0,,9600,
,181373,289,27198,1/10/2017,206,192,0,02 days AL 18 & 19/10,11040,
,181374,535,27197,1/10/2017,206,206,0,,9600,
,181375,828,27190,1/10/2017,206,206,0,,9600,
,181376,930,27199,1/10/2017,206,206,0,,12480,
,181377,933,27202,1/10/2017,206,206,0,,11040,
,181378,1013,27194,1/10/2017,206,206,0,,9600,
,181379,1023,27173,1/10/2017,206,206,0,,9600,
,181380,1096,27175,1/10/2017,206,192,0,02 days CSL 10 & 11/10,9600,
,181381,1109,27180,1/10/2017,206,110,0,14 days AL 06 to 19/10,9600,
,181382,1111,27174,1/10/2017,206,206,0,,9600,
,181383,1152,27166,1/10/2017,206,206,0,,9600,
,181384,1170,27176,1/10/2017,206,144,0,09 days AL 20 to 28/09,9600,
,181385,1172,27167,1/10/2017,206,206,0,,9600,
,181386,1188,27169,1/10/2017,206,206,0,,9600,
,181387,1195,27187,1/10/2017,206,206,0,,9600,
,181388,1208,27177,1/10/2017,206,96,0,16 days AL 04 to 19/10,9600,
,181389,1217,27165,1/10/2017,206,206,0,,9600,
,181390,1233,27181,1/10/2017,206,206,0,,9600,
,181391,1244,27178,1/10/2017,206,206,0,,9600,
,181392,1264,27192,1/10/2017,206,206,0,,9600,
,181393,1534,27182,1/10/2017,206,206,0,,9600,
,181394,1591,27185,1/10/2017,206,206,0,,9600,
,181395,1667,27191,1/10/2017,206,206,0,,9600,
,181396,1685,27188,1/10/2017,206,137,0,10 days AL 10 to 19/10,9600,
,181397,1693,27189,1/10/2017,206,62,0,21 days AL 20/09 to 10/10,9600,
,181398,1705,27184,1/10/2017,206,206,0,,9600,
,181399,1776,27168,1/10/2017,206,206,0,,9600,
,181400,1797,27183,1/10/2017,206,206,0,,9600,
,181401,1813,27179,1/10/2017,206,206,0,,9600,
,181402,2216,27164,1/10/2017,206,206,0,,9600,
,181403,2259,27170,1/10/2017,206,206,0,,9600,
,181404,2274,27193,1/10/2017,206,206,0,,9600,
,181405,2281,27186,1/10/2017,206,206,0,,9600,
,181406,2358,27201,1/10/2017,206,206,0,,12480,
,181407,1824,27163,1/10/2017,206,206,0,,10900,
,181408,938,27200,1/10/2017,206,206,0,,19500,
,181409,518,27157,1/10/2017,206,206,0,,9600,
,181410,8529,27158,1/10/2017,206,206,0,,9600,
,181411,1892,27159,1/10/2017,206,206,0,,10900,
,181412,6428,27160,1/10/2017,206,206,0,,14170,
,181413,166,27161,1/10/2017,206,206,0,,8150,
,181414,260,27458,1/10/2017,206,206,0,,10900,
,181415,922,27457,1/10/2017,206,199,0,01 day CSL 12/10,10900,
,181416,1281,27454,1/10/2017,206,206,0,,10900,
,181417,1331,27456,1/10/2017,206,206,0,,10900,
,181418,1507,27455,1/10/2017,206,206,0,,10900,
,181419,1723,27431,1/10/2017,206,192,0,02 days CSL 03 & 04/10,7387,
,181420,1742,27433,1/10/2017,206,206,0,,7387,
,181421,1909,27430,1/10/2017,206,82,0,18 days AL 20/09 to 07/10,7387,
,181422,2060,27432,1/10/2017,206,75,0,19 days AL 01 to 19/10,7387,
,181423,4601,27434,1/10/2017,206,171,0,05 days AL 15 to 19/10,7387,
,181424,608,27446,1/10/2017,206,206,0,,10900,
,181425,1039,27450,1/10/2017,206,144,0,09 days AL 28/09 to 06/10,10900,
,181426,1538,27451,1/10/2017,206,206,0,,10900,
,181427,1656,27449,1/10/2017,206,206,0,,10900,
,181428,2309,27447,1/10/2017,206,206,0,,10900,
,181429,6491,27448,1/10/2017,206,206,0,,10900,
,181430,716,27443,1/10/2017,206,171,0,05 days AL 15 to 19/10,10900,
,181431,783,27439,1/10/2017,206,75,0,19 days AL 01 to 19/10,10900,
,181432,1158,27445,1/10/2017,206,206,0,,10900,
,181433,1173,27444,1/10/2017,206,206,0,,10900,
,181434,1630,27438,1/10/2017,206,151,0,08 days AL 20 to 27/09,10900,
,181435,1702,27440,1/10/2017,206,206,0,,10900,
,181436,2007,27442,1/10/2017,206,206,0,,10900,
,181437,2308,27437,1/10/2017,206,206,0,,10900,
,181438,7552,27441,1/10/2017,206,192,0,02 days CSL 09 & 10/10,10900,
,181439,931,27802,1/10/2017,206,117,0,13 days AL 07 to 19/10,12480,
,181440,140,27804,1/10/2017,206,206,0,,11040,
,181441,360,27809,1/10/2017,206,206,0,,11040,
,181442,361,27808,1/10/2017,206,206,0,,12480,
,181443,327,27805,1/10/2017,206,206,0,,14170,
,181444,328,27810,1/10/2017,206,206,0,,14170,
,181445,1795,27452,1/10/2017,206,206,0,,10900,
,181446,362,27806,1/10/2017,206,206,0,,6100,
,181447,363,27807,1/10/2017,206,206,0,,6100,
,181448,917,27812,1/10/2017,206,206,0,,8150,
,181449,1649,27811,1/10/2017,206,206,0,,6100,
,181450,1694,27813,1/10/2017,206,137,0,10 days AL 20 to 29/09,8150,
,181451,1876,27814,1/10/2017,206,192,0,02 days AL 01 & 02/10,8150,
,181452,2239,29627,1/10/2017,206,206,0,,12480,
,181453,2366,29629,1/10/2017,206,178,0,04 days CSL 16 to 19/10,11040,
,181454,381,29631,1/10/2017,206,206,0,,12480,
,181455,525,29634,1/10/2017,206,206,0,,12480,
,181456,913,29635,1/10/2017,206,165,0,06 days AL 08 to 13/10,12480,
,181457,2759,29636,1/10/2017,206,206,0,,9600,
,181458,1238,29638,1/10/2017,206,206,0,,11040,
,181459,1263,29639,1/10/2017,206,206,0,,9600,
,181460,1572,29640,1/10/2017,206,206,0,,12480,
,181461,1587,29641,1/10/2017,206,206,0,,12480,
,181462,1594,29642,1/10/2017,206,206,0,,12480,
,181463,6429,29643,1/10/2017,206,206,0,,12480,
,181464,2051,29648,1/10/2017,206,123,0,06 days AL 24 to 29/09 and 06 days EL 01 to 06/10,12480,
,181465,2343,29622,1/10/2017,206,206,0,,7150,
,181466,2194,29626,1/10/2017,206,206,0,,7150,
,181467,2583,27803,1/10/2017,206,185,0,03 days AL 20 to 22/09,11040,160
,181468,2326,29400,1/10/2017,206,27,0,26 days Maternity Leave 24/09 to 19/10,14170,
,181469,8447,29401,1/10/2017,206,192,0,02 days AL 24 & 25/09,14170,
,181470,1959,29399,1/10/2017,206,117,0,13 days AL 20/09 to 02/10,24500,
,181471,9526,29991,1/10/2017,206,206,0,,23750,
,181472,9527,29992,1/10/2017,206,206,0,,23750,
,181473,162,29462,1/10/2017,206,123,0,Resigned LWD 07/10,6100,
,181474,1255,29621,1/10/2017,206,206,0,,10900,
,181475,2303,29624,1/10/2017,206,192,0,02 days AL 25/09 & 12/10,14170,
,181476,2806,29625,1/10/2017,206,206,0,,14170,
,181477,2095,29645,1/10/2017,206,206,0,,19500,
,181478,2354,29628,1/10/2017,206,199,0,01 day Absent 03/10,6100,
,181479,219,29623,1/10/2017,206,206,0,,10900,
,181480,2018,29647,1/10/2017,206,171,0,05 days AL 20 to 25/09,14170,
,181481,2756,23334,1/10/2017,206,206,0,,29000,
,181482,477,29632,1/10/2017,206,206,0,,12480,
,181483,1847,29644,1/10/2017,206,206,0,,12480,
,181484,1871,29646,1/10/2017,206,165,0,06 days AL 20 to 25/09,12480,
,181485,502,29633,1/10/2017,206,206,0,,12535,
,181486,3027,29630,1/10/2017,206,199,0,01 day CSL 18/10,21500,
,181487,176,29808,1/10/2017,206,206,0,,14170,
,181488,333,29810,1/10/2017,206,206,0,,21500,
,181489,1048,29807,1/10/2017,206,178,0,04 days CSL 09 to 11 & 17/10,21500,
,181490,1049,29806,1/10/2017,206,206,0,,21500,
,181491,1190,29811,1/10/2017,206,206,0,,19500,
,181492,2268,29809,1/10/2017,206,206,0,,24500,
,181493,21,29755,1/10/2017,206,171,0,05 days AL 20 to 25/09,14170,
,181494,294,29791,1/10/2017,206,206,0,,10900,
,181495,1938,29789,1/10/2017,206,206,0,,10900,
,181496,1980,29790,1/10/2017,206,199,0,01 day AL 20/09,10900,
,181497,1443,29780,1/10/2017,206,206,0,,19500,
,181498,216,29781,1/10/2017,206,206,0,,14170,
,181499,329,29754,1/10/2017,206,206,0,,14170,
,181500,1069,29782,1/10/2017,206,206,0,,14170,
,181501,1841,29783,1/10/2017,206,185,0,03 days AL 20 to 22/09,14170,
,181502,1757,29784,1/10/2017,206,137,0,10 days AL 20 to 29/09,29000,
,181503,1286,29786,1/10/2017,206,206,0,,19500,
,181504,1319,29788,1/10/2017,206,206,0,,24500,
,181505,1339,29785,1/10/2017,206,206,0,,19500,
,181506,2263,29787,1/10/2017,206,206,0,,19500,
,181507,800,29753,1/10/2017,206,110,0,12 days AL 24 to 05/10 and 02 days CSL 08 & 09/10,12480,
,181508,341,29756,1/10/2017,206,206,0,,12535,
,181509,342,29757,1/10/2017,206,206,0,,12535,
,181510,343,29758,1/10/2017,206,185,0,03 days CSL 02 to 04/10,12535,
,181511,344,29759,1/10/2017,206,206,0,,12535,
,181512,346,29761,1/10/2017,206,206,0,,12535,
,181513,347,29762,1/10/2017,206,171,0,05 days AL 15 to 19/10,12535,
,181514,348,29763,1/10/2017,206,206,0,,12535,
,181515,349,29764,1/10/2017,206,206,0,,12535,
,181516,350,29765,1/10/2017,206,206,0,,12535,
,181517,351,29766,1/10/2017,206,206,0,,12535,
,181518,352,29767,1/10/2017,206,206,0,,12535,
,181519,353,29768,1/10/2017,206,199,0,01 day AL 20/09,12535,
,181520,354,29769,1/10/2017,206,206,0,,12535,
,181521,355,29770,1/10/2017,206,206,0,,12535,
,181522,356,29771,1/10/2017,206,206,0,,12535,
,181523,357,29772,1/10/2017,206,206,0,,12535,
,181524,358,29773,1/10/2017,206,130,0,11 days AL 20/09 to 30/09,12535,
,181525,359,29774,1/10/2017,206,206,0,,12535,
,181526,364,29775,1/10/2017,206,206,0,,12535,
,181527,935,29796,1/10/2017,206,206,0,,14170,
,181528,1474,29779,1/10/2017,206,206,0,,12535,
,181529,1810,29776,1/10/2017,206,206,0,,12535,
,181530,1890,29795,1/10/2017,206,206,0,,10900,
,181531,1902,29793,1/10/2017,206,206,0,,10900,
,181532,1927,29792,1/10/2017,206,206,0,,10900,
,181533,1960,29794,1/10/2017,206,206,0,,10900,
,181534,1978,29777,1/10/2017,206,206,0,,12535,
,181535,2980,29778,1/10/2017,206,206,0,,12535,
,181536,6407,29805,1/10/2017,206,206,0,,25500,
,181537,372,29813,1/10/2017,206,206,0,,8150,
,181538,1070,29812,1/10/2017,206,34,0,25 days AL 25/09 to 19/10,8150,
,181539,1942,29798,1/10/2017,206,192,0,02 days EL 18 & 19/10,7150,
,181540,2633,29797,1/10/2017,206,206,0,,7150,
,181541,4396,29801,1/10/2017,206,206,0,,8150,
,181542,4728,29800,1/10/2017,206,206,0,,8150,
,181543,6395,29802,1/10/2017,206,206,0,,8150,
,181544,6425,29803,1/10/2017,206,206,0,,8150,
,181545,6432,29799,1/10/2017,206,206,0,,7150,
,181546,9453,29985,1/10/2017,206,206,0,,8934,
,181547,241,23033,1/10/2017,206,206,0,,12535,
